Pose,Distance1 (cm),Distance2 (cm),Distance3 (cm),Distance4 (cm),Distance5 (cm),Distance6 (cm),Distance7 (cm),Height_Pre (cm),Height_truth (cm)
1,2.7044468780412365,25.86994921344918,31.611666755925693,43.256925485231314,17.14147394895663,3.943363087357334,12.760722950688333,186.6,170.5
1,2.7044468780412365,25.86994921344918,31.611666755925693,43.256925485231314,17.14147394895663,3.943363087357334,12.760722950688333,186.6,170.5
1,2.7044468780412365,25.86994921344918,31.611666755925693,43.256925485231314,17.14147394895663,3.943363087357334,12.760722950688333,186.6,170.5
1,2.7044468780412365,25.86994921344918,31.611666755925693,43.256925485231314,17.14147394895663,3.943363087357334,12.760722950688333,186.6,170.5
1,6.123631409810552,34.9016216886253,41.04361645502678,59.689462669044,24.072762594154867,4.87765205689096,15.784082056099146,186.4928289296516,170.0
1,2.7044468780412365,25.86994921344918,31.611666755925693,43.256925485231314,17.14147394895663,3.943363087357334,12.760722950688333,186.6,170.5
1,6.123631409810552,34.9016216886253,41.04361645502678,59.689462669044,24.072762594154867,4.87765205689096,15.784082056099146,186.4928289296516,170.0
