y_true,y_pred
173.0,138.12994
170.0,146.1948
160.0,162.06186
164.0,170.15106
168.0,166.02933
175.0,161.06714
164.0,155.97261
174.0,190.16885
168.0,178.77718
173.0,135.70241
170.0,141.13708
175.0,159.55925
175.0,197.62537
175.0,189.9
177.0,196.6155
175.0,149.09232
170.0,180.01053
162.0,175.09824
175.0,173.78882
160.0,158.55344
168.0,174.78078
170.0,142.22946
170.0,139.76093
177.0,192.49457
170.0,151.19122
164.0,174.72763
183.0,181.75896
