y_true,y_pred
160.0,172.04814540772227
183.0,172.43632316192597
183.0,172.4530506828244
173.0,171.17575329506565
164.0,171.9757871710212
