y_true,y_pred
170.0,176.38538
173.0,183.33374
160.0,172.92155
183.0,188.67667
164.0,155.86719
170.0,184.36241
170.0,143.28876
173.0,142.57263
173.0,136.88309
162.0,189.3445
170.0,155.9762
173.0,136.60863
170.0,148.40607
175.0,185.18622
170.0,140.72372
168.0,171.48059
168.0,162.17719
183.0,192.18893
170.0,146.94498
170.0,177.55943
174.0,185.56781
160.0,175.65771
170.0,186.30826
175.0,159.07686
170.0,152.56937
174.0,196.37137
177.0,191.05563
177.0,198.57285
