y_true,y_pred
170.0,171.43483642784577
175.0,172.4327657774663
162.0,172.41414628752088
168.0,172.14074290580777
168.0,172.2986500058958
