Model,MAE_Train,MSE_Train,RMSE_Train,R2_Train,MAE_Val,MSE_Val,RMSE_Val,R2_Val,MAE_Test,MSE_Test,RMSE_Test,R2_Test,Model_Path
RandomForestSklearn,1.1158333333333321,1.8611583333333312,1.3642427692069075,0.8282007692307695,4.787999999999994,37.39711999999993,6.115318470856602,-1.1443302752293532,7.968000000000001,80.18172000000003,8.954424604629827,0.10750534283170055,/home/anodi108/Desktop/project/Do_An_Tot_Nghiep/DATN_PhamDangDong/DATN_PhamDangDong/resource/data/model/model_train/RandomForestSklearn.pt
